id,first_name,last_name,email,paid,apprentices,candidates,created_at,paid_at
VDZ31QU7,Halla,Copeland,tortor.Integer@lectusCum.com,$47.92,3,1,1506787759,1544919279
AKN44ZH1,Ezra,Mcdaniel,fermentum.metus.Aenean@viverraDonec.org,$171.57,0,5,1525978532,1565438075
NCD92NS6,Jolie,Lee,interdum.Sed@dictumultriciesligula.ca,$220.86,9,0,1512964813,1551216757
ZWQ24RJ6,Hilda,Saunders,semper.cursus@porttitor.edu,$356.44,4,2,1529584597,1558450062
DGQ63TC6,Paki,Snider,tincidunt@purusMaecenas.edu,$78.79,4,8,1526706754,1558214364
AEW84DH5,Xantha,Church,adipiscing.non@accumsansedfacilisis.org,$67.52,1,1,1507195015,1561973687
SWN76ZE5,Rudyard,Lindsey,lorem.lorem.luctus@interdumSed.net,$66.62,5,0,1512977012,1552932932
VXI23DS7,Kyle,Vazquez,libero.Donec.consectetuer@Suspendissesagittis.com,$252.89,5,4,1520614590,1545005107
LZA03GV7,Graham,Ellis,eros.Proin.ultrices@Integerid.net,$306.84,10,9,1520074573,1555052072
NHS09LQ4,Finn,Estrada,et.arcu@blandit.co.uk,$1.85,8,2,1523756597,1565255004
MQC47YG4,Charissa,Whitney,dapibus@Ut.com,$164.08,4,10,1524368728,1546688990
REM43HR4,Ulla,Mccarthy,euismod.est@maurisSuspendisse.net,$316.80,3,1,1518921778,1567022799
AHR95BR0,Suki,Watson,ac@ipsum.co.uk,$33.84,10,6,1530301195,1553936000
EUT85PK4,Brittany,Drake,elit.Aliquam.auctor@idrisus.com,$311.60,10,4,1527282459,1554346877
SFS26ZQ5,Harper,Shepard,sit@orciUtsagittis.net,$348.48,7,1,1523796581,1563944891
WAH89JY5,Ross,Payne,ultrices.Vivamus.rhoncus@Praesent.edu,$340.34,0,0,1524557815,1536360568
YOA10IC9,Hyacinth,Elliott,erat@sedhendrerit.org,$87.60,7,9,1509983749,1554698624
HKZ46RD0,Ann,Richmond,diam.at@egestasa.ca,$6.38,7,4,1520366786,1552015336
THP75ZS2,Maxine,Patel,Phasellus@sed.com,$240.45,10,6,1505109256,1558950932
QXV15QU6,Riley,Dalton,elementum@augue.edu,$196.47,4,8,1517542280,1537522576
EOD70CO3,Maxine,Ward,consectetuer@nuncIn.co.uk,$138.17,4,0,1530907487,1562463972
YWT52WV5,Moana,Andrews,Sed.eu.eros@quamCurabiturvel.net,$218.10,6,10,1514346846,1552696699
ULR86IG3,Nash,Mcgee,massa.Suspendisse@sapien.co.uk,$112.72,0,8,1519665817,1557032250
USD17HV9,Camden,Stevens,egestas.Fusce@parturient.ca,$262.49,4,6,1515009706,1538920449
VMU14WV3,Gil,Rasmussen,felis@pede.edu,$158.73,4,10,1532750617,1550294626
JPB49OL8,Hiroko,Santiago,Mauris.vel@mattis.net,$152.41,2,9,1535868706,1566224854
YFR19LL7,Ignacia,Mccormick,ornare.In@ametfaucibusut.org,$20.82,3,8,1524667739,1562603756
BGI65AG5,Dean,Richmond,ipsum.cursus@Vivamusmolestiedapibus.ca,$161.51,3,10,1530807105,1536683675
FBG82EY3,Paloma,Morrow,commodo.ipsum@Cras.co.uk,$323.65,0,8,1515407874,1558604368
XOV93ZV9,Alfonso,Valenzuela,Praesent.luctus@parturientmontesnascetur.co.uk,$216.71,9,8,1505794286,1556928162
EUM80TG0,Faith,Nicholson,tristique@acfermentum.net,$32.49,7,10,1526143213,1564994621
DGJ87GL9,Vernon,Sweet,amet@bibendumullamcorper.ca,$382.51,1,3,1506811411,1543248315
EJM98IK1,Charlotte,Vasquez,posuere@vulputate.edu,$308.21,2,5,1514292228,1561707502
UMR14FJ7,Amal,Haney,leo.Vivamus@enimCurabitur.org,$99.13,0,9,1522139012,1543966383
ZVC44OO6,Channing,Cobb,Curabitur.consequat@pellentesquemassa.com,$374.68,7,4,1529145685,1538654973
LHO60PK5,Silas,Duran,venenatis@eusem.co.uk,$339.80,9,7,1519641175,1542567266
AJX71ZS8,Jessica,Potter,scelerisque@enim.net,$31.94,6,8,1528518880,1564228373
JQE49KE4,Mariam,Hanson,aliquam@IncondimentumDonec.co.uk,$20.37,1,5,1512623105,1549283259
ZAT43DO5,Quamar,Bates,sed.pede.nec@lectus.co.uk,$354.33,9,4,1518869519,1547516956
EDC64VG1,Wesley,Gutierrez,sapien.Nunc.pulvinar@ligulaDonec.edu,$113.51,9,1,1510477393,1559467854
BRT27DX9,Aline,Leblanc,Proin.nisl.sem@egestas.co.uk,$252.75,4,4,1519906161,1547445173
LDF91BO6,Mollie,Villarreal,sem.Pellentesque@infelisNulla.com,$388.96,4,5,1524696368,1564955958
BUA61UM9,Mohammad,Alvarez,enim@insodaleselit.ca,$199.63,10,5,1533114079,1560369210
EGC71GP1,Sloane,Brady,arcu@Integertinciduntaliquam.org,$152.35,5,2,1517504891,1560658058
QWQ47ES5,Lester,Casey,tempus@Cumsociisnatoque.edu,$237.86,5,1,1508059916,1549259035
TIZ35MX7,Alisa,Humphrey,ultricies@inmagnaPhasellus.co.uk,$328.82,8,9,1530281445,1538095375
IVG95EN1,Aristotle,Stone,mollis@massaSuspendisse.net,$286.88,8,3,1509915287,1543026420
GJG34GI7,Eve,Lane,feugiat@semper.org,$94.46,7,8,1506370795,1559071672
DHF11VS1,Leah,Johns,urna.Vivamus@ProinmiAliquam.ca,$117.88,4,0,1536092385,1564424974
SVS83LR0,Nissim,Coleman,Etiam.gravida@nec.com,$283.18,4,9,1517080113,1552313480
KHS27QG0,Sheila,Gould,vestibulum.Mauris.magna@id.co.uk,$33.10,0,6,1525373043,1563925176
NPT41OG2,Carter,Saunders,libero@ligula.com,$165.26,3,8,1505659105,1559833842
BUP71GU2,Hadassah,Tucker,tellus@gravida.ca,$129.60,1,6,1522699275,1539947254
GXV22TC5,Kaitlin,Cruz,cursus@Nullamfeugiatplacerat.co.uk,$219.46,4,2,1535832623,1542198611
WNF21WU9,Maryam,Stevens,placerat@Inornaresagittis.org,$102.60,4,0,1510602374,1563838349
NUF55KV6,Whilemina,Watts,mauris@volutpatornarefacilisis.edu,$127.13,3,8,1512030795,1544401417
GSF73QY4,Ulla,Barr,tristique.senectus.et@dictumsapien.com,$9.72,6,7,1535896395,1545755738
EOE60PK8,Hadassah,Baldwin,In.tincidunt.congue@convallis.com,$106.72,6,6,1520323583,1566046887
VOG55UR2,Heather,Small,ornare.placerat.orci@fringillaDonecfeugiat.org,$201.91,4,4,1512753483,1563254803
OTF72BB4,Grace,Merritt,quis.pede@sociisnatoquepenatibus.edu,$125.90,0,10,1521796340,1565003643
CPT30MJ5,Channing,Pittman,pede.ultrices@tortordictumeu.com,$32.11,7,7,1507887108,1546955941
FWV92WD4,Paul,Blanchard,amet@arcu.net,$34.71,0,10,1533447941,1551571576
KOV69IY6,Timothy,Soto,sapien@molestie.com,$46.57,4,4,1523163331,1553930976
ESK94FJ2,Chandler,King,tempor.est.ac@mienim.co.uk,$218.91,8,5,1521129411,1548832177
EXT69XJ1,Cullen,Rush,volutpat@magnisdis.co.uk,$362.42,1,7,1533109420,1566504439
LZZ13BY1,Laurel,Kirk,sollicitudin.adipiscing.ligula@semegestas.com,$151.73,1,0,1505133029,1553132642
PNI64BC2,Dakota,Mccormick,accumsan.laoreet@urnaNullamlobortis.co.uk,$266.07,5,9,1522988978,1556453992
VVP20JV9,Sara,Callahan,molestie@adipiscing.edu,$48.40,10,4,1520062026,1538443293
BOM53BL0,Courtney,Blanchard,vulputate.lacus@intempuseu.edu,$257.12,3,10,1526750234,1542667852
LXZ12MQ2,Odessa,Barrera,Pellentesque.ut@utlacus.edu,$81.42,4,7,1516031503,1559488382
SRV22FM7,Zeus,Horton,nisi@magna.org,$62.75,10,2,1510887455,1560805811
BJG75UR7,Cody,Kaufman,non@ligulaconsectetuer.org,$11.15,1,5,1529341038,1564165458
NGD40GT8,Sean,Russell,dui.Cras.pellentesque@eleifendegestasSed.org,$276.25,1,7,1507611126,1545380684
YCE30VX6,Calvin,Garcia,Proin.vel.nisl@arcuVestibulumut.org,$376.57,8,7,1531073620,1553398490
DOT35CM6,Sopoline,Payne,rhoncus.Donec.est@adipiscing.net,$61.39,1,0,1509945316,1560634652
HGD50BW7,Sara,Blevins,nec.tellus@sed.org,$339.83,9,6,1517755794,1553731193
OCD65XU0,Xavier,Berger,Curabitur.consequat.lectus@semperet.ca,$36.91,1,2,1532510052,1565917991
SEM18XT6,Rana,Bright,vulputate.lacus@Aliquamvulputate.net,$376.00,10,5,1532283776,1550283156
NRU85DB5,Ariana,Barker,venenatis.lacus@NulladignissimMaecenas.edu,$330.14,5,4,1506427283,1562512321
SGI60XI9,Cullen,Rogers,sodales.nisi.magna@Integervitae.edu,$321.45,6,8,1521724044,1540167322
SPU63EQ9,Claudia,Schneider,ipsum@Fuscemi.ca,$197.98,7,2,1520659625,1537976501
IPY77VN8,Akeem,Harrell,est.Mauris@Pellentesquehabitantmorbi.org,$304.98,6,1,1530245344,1553525043
COI09DC7,Alec,Berry,facilisis.Suspendisse.commodo@semelit.org,$57.11,10,1,1525246038,1566063360
WML56LD7,Tanya,Tanner,Mauris.nulla@anteipsum.edu,$58.85,10,8,1526904222,1542848182
GOM64RP6,Willa,Rowe,Donec@tinciduntDonec.ca,$346.64,4,10,1516074338,1539821799
RSD24IA4,Macy,Reese,augue@lorem.ca,$137.72,3,9,1530875953,1541630050
FYI27JL9,Stephen,Fernandez,sed@nasceturridiculusmus.edu,$218.15,10,4,1527206896,1562761227
KHE83CH6,Jayme,Lowery,eu@ultricesposuerecubilia.ca,$357.49,4,3,1529106386,1563346038
MLR21SU1,Todd,Estrada,Ut@pharetranibhAliquam.ca,$107.35,9,8,1521936554,1536614261
IIK24VB3,Ursa,Huff,dis.parturient@dictum.ca,$290.75,2,4,1533944180,1546581545
RQU37GF0,Jasper,Patterson,mauris@aliquetPhasellusfermentum.co.uk,$136.38,9,9,1524450244,1565775076
SFH75IG7,Mary,Harper,urna.justo@consectetuer.edu,$39.10,10,6,1522395661,1554980929
KQF15AF8,Zelenia,Benjamin,rutrum@Namacnulla.edu,$388.55,1,4,1514605167,1556008386
ZOD60CY8,Cheyenne,Hale,tellus.Nunc.lectus@elit.org,$120.29,8,0,1522493937,1555525946
KNQ12QV8,Kai,Glover,In.lorem.Donec@ullamcorperviverra.co.uk,$210.17,10,10,1517415590,1552208801
ADI49EW9,Elmo,Haney,velit@nunc.edu,$117.64,1,7,1519303964,1554769003
MQT26RE7,Francesca,Jarvis,est@Fuscealiquet.edu,$7.27,4,10,1532579589,1563404531
FRN11PR9,Caleb,Giles,semper.auctor.Mauris@tincidunt.edu,$283.36,3,10,1528294186,1544060893
ZEN02ZN6,Lee,Hull,orci@nonleoVivamus.ca,$172.33,0,3,1522072274,1563491018
KIO38VN5,Zelda,Peterson,velit.Cras@nec.edu,$26.76,4,0,1511516194,1552246399
OXD49MF0,Priscilla,Lang,velit@malesuadafringilla.net,$61.21,1,5,1529718397,1539544317
NEZ78VK5,Meghan,Morse,lorem@risusDuisa.net,$277.27,1,5,1524309716,1538155429
WGO32VY6,Kellie,Lindsay,et@pellentesque.net,$237.49,8,9,1529759974,1555365694
MQK75FR3,Tate,Stone,ac.ipsum.Phasellus@Nulla.org,$322.79,7,3,1514347592,1546658874
NQA58HG9,Susan,Wright,ipsum.primis.in@vitae.edu,$42.53,4,10,1528717102,1557362759
FUD99VB5,Sarah,Holmes,ultrices.posuere.cubilia@imperdiet.ca,$376.09,8,8,1525461491,1547934440
UKF45AJ8,Lois,Morin,dolor@estconguea.net,$226.70,0,9,1534353445,1540585977
UGC47JF7,Avye,Middleton,eu.sem.Pellentesque@neque.com,$177.99,1,2,1535438153,1564476800
FJN44KP7,Rae,Guy,dignissim.pharetra@eratnonummy.edu,$354.31,1,7,1520131670,1564327562
XVT28DI3,Amal,Hughes,magna@Aliquamfringillacursus.org,$114.20,1,7,1515886301,1556143041
KPX17GZ6,Zachery,Kirby,faucibus.orci@neque.edu,$283.77,10,5,1524955585,1558469856
RBV67KO5,Josephine,Bolton,dictum@etnetuset.co.uk,$260.87,5,7,1534202715,1545726861
OBQ22VW7,Ira,Gould,auctor.Mauris@Suspendisseeleifend.com,$23.64,6,4,1527032870,1551498252
BXF15ED7,Shellie,Burris,luctus@Suspendisseacmetus.co.uk,$292.61,5,1,1519428192,1566339050
EEC81IC5,Ferris,Sandoval,nonummy.ipsum@mollisPhaselluslibero.net,$344.20,7,0,1511943349,1548728909
QWP81ET8,Harrison,Holder,varius.Nam.porttitor@orci.net,$37.71,0,3,1518398683,1548218740
FIC45QV8,Quinn,Garner,Nam.ac.nulla@etnuncQuisque.co.uk,$170.82,2,4,1533413117,1564543748
MYH80NE0,Orli,Randolph,placerat.eget.venenatis@velitinaliquet.co.uk,$127.84,8,4,1510721406,1556672290
EAO05SX2,Seth,Mccoy,magna@semegetmassa.org,$249.38,5,1,1529703536,1551317237
KTO16UD4,Yael,Harper,Etiam.vestibulum.massa@nibh.org,$19.00,0,9,1520510582,1554121677
SLY45VI0,Sawyer,Lindsey,mollis.dui.in@etrutrumeu.net,$260.68,8,0,1532820648,1559198159
ZYI66CJ3,Gabriel,Andrews,leo.in.lobortis@magnased.com,$116.39,6,3,1520502963,1547075492
KQZ56LI3,Germaine,Travis,lobortis.augue@natoque.edu,$93.02,8,10,1522048900,1537406975
JQH64UP3,Zorita,Bass,in.dolor@consequatlectus.ca,$320.23,4,8,1529447504,1556102208
SOI98II6,Samson,Conner,eu@egestasblanditNam.com,$44.77,6,6,1533676075,1544632101
LTQ81QJ0,Odette,Strong,odio.semper@augue.org,$25.52,10,1,1527798995,1555895189
ALU90FD3,Sopoline,Sweet,turpis.egestas.Fusce@aliquamenimnec.org,$390.69,6,7,1522938166,1561299330
TAF75LZ8,Cora,George,Proin@Naminterdumenim.net,$70.30,6,8,1505883898,1552703090
URO10YM2,Christen,Higgins,et@Nuncsollicitudin.com,$23.50,5,8,1526912656,1554007775
FNI97NR7,Malik,Edwards,at.egestas.a@Cras.com,$89.19,9,1,1514674396,1547900715
NME38RR4,Rooney,Booth,Quisque.ornare.tortor@adipiscing.org,$114.82,0,6,1516907320,1547339623
CAG83CK4,Echo,Martinez,eleifend@lectusasollicitudin.edu,$183.84,7,2,1533543245,1554334365
LHA87EP7,Galena,Greene,amet.ante.Vivamus@euismodenim.edu,$190.40,0,1,1516215651,1545777741
ZBW55SL2,Indira,Golden,fringilla.cursus@turpis.org,$305.06,4,10,1516939229,1560502290
VHL43LW5,Keelie,Kennedy,nec@anteipsum.edu,$359.65,0,0,1509465285,1547793326
CYE63AR7,Daquan,Boyd,aliquet@sitametante.org,$334.78,1,8,1509569623,1552748980
LRQ22QF7,Jillian,Solomon,Duis.mi.enim@rutrumjustoPraesent.co.uk,$273.71,0,4,1512897533,1565672338
TSC64QE4,Ivan,Henson,mi.felis.adipiscing@inhendreritconsectetuer.net,$33.43,6,9,1526436062,1550415872
ZIC63YM8,Kuame,Carrillo,enim@eratVivamus.com,$18.68,7,8,1528502862,1566106554
OMY91JM4,Eden,Langley,fringilla@porttitortellusnon.edu,$309.86,0,5,1515587459,1558908201
YSG83OI9,Germane,Chaney,at.augue@magnanecquam.edu,$214.84,10,5,1516388901,1559360598
GXT41ED8,Daphne,Rhodes,ornare.Fusce.mollis@ullamcorperDuiscursus.org,$154.21,9,6,1526428806,1551504341
WTC12XO5,Damon,Pitts,quam.Curabitur.vel@Sed.edu,$134.27,7,7,1514453579,1539700984
YJH24XB4,Amery,Guy,congue.turpis@montes.ca,$130.87,9,8,1508981258,1561762700
WBV12LE2,Moana,Duran,cursus.et.magna@metusVivamus.net,$26.53,3,3,1529632906,1553446255
ZHG85DP1,Clark,Mcdowell,in@arcuNunc.com,$45.63,2,1,1525471279,1538172256
EDO46CC5,Sopoline,Franks,vitae@purusDuis.org,$398.65,6,8,1517780004,1551317868
DTO80XT9,Germaine,Levine,sed@tacitisociosqu.ca,$295.22,3,7,1528698283,1539256764
RQZ93VF6,Trevor,Carter,magna.et@eu.co.uk,$131.05,7,4,1520418879,1559670893
RQN49YI1,Brynne,Lyons,pede@Pellentesque.net,$341.22,9,3,1510388511,1562212308
NJS09OO9,Jin,Pate,Vestibulum@ridiculusmusDonec.edu,$182.96,8,9,1520720930,1548518054
ADY02TV6,Debra,Espinoza,Fusce@imperdietnec.edu,$194.69,7,9,1506982152,1541245031
JAJ51TI3,Amanda,Cobb,egestas@Ut.ca,$83.05,3,5,1521052598,1536387630
ECT14ID8,Athena,Lloyd,Maecenas.ornare@conguea.co.uk,$123.93,6,6,1521429307,1552838056
BGA22YB4,Mufutau,Park,non.egestas@egetdictum.ca,$331.90,0,1,1530253918,1560491996
WLV56QS7,Grace,Shannon,mollis.Integer@sagittisNullamvitae.net,$120.74,6,0,1532162796,1560321950
HLA56HH0,Quemby,Dickerson,id.mollis@rhoncusProinnisl.net,$178.43,2,7,1525656697,1537033175
YHG69GW7,Leigh,Crane,at@ullamcorpernislarcu.net,$340.02,3,4,1506150864,1564096803
XVY34KU7,Alice,Hale,velit.in.aliquet@Aliquamnec.org,$230.08,8,10,1531890151,1552247557
BNJ13MI9,Riley,Ortiz,enim@eratvolutpatNulla.edu,$175.88,9,8,1512206780,1549472672
KHH36ZR0,Timothy,Cohen,Quisque@vehicularisusNulla.co.uk,$233.79,3,0,1517450753,1561614663
YQB25IP7,Tarik,Quinn,pharetra.sed.hendrerit@ipsumnonarcu.edu,$110.45,9,3,1529605874,1558742426
IKW09GL7,Lilah,Callahan,urna.Nunc@interdumCurabitur.co.uk,$142.14,7,0,1526599889,1558646056
GSC73IZ6,Caesar,Baxter,ac.mi.eleifend@aliquet.co.uk,$230.49,1,2,1515713381,1545603396
VLA36KT0,Brady,Duncan,mattis.Integer.eu@semper.ca,$369.94,1,7,1519201592,1544592133
PKJ74QI7,Louis,Tran,eu@Aliquam.org,$320.54,7,0,1529650367,1557589776
QTG77ZX8,Leila,Mcbride,conubia.nostra@dictum.net,$237.23,4,5,1535260136,1536924965
MRU95JX2,Avye,Kirk,tortor@mauris.com,$347.63,3,7,1523066607,1538901132
NAA74BV1,Teegan,Cobb,et@tempor.org,$129.78,6,3,1518234499,1550312252
YEY89VC7,Joshua,Jarvis,cursus.luctus.ipsum@orci.net,$199.80,8,6,1525326052,1563487244
WAB55MV6,Farrah,Mcgowan,ridiculus.mus@mauriseuelit.edu,$80.86,0,0,1514412670,1567020214
DHE85OO3,Kristen,Powell,eu@leo.org,$179.76,7,2,1526956512,1549098507
RLW43GO8,Shelley,Kaufman,In@tellusimperdiet.org,$361.05,9,9,1524449576,1565193192
QKR61BY6,Nathan,Gomez,Sed@inceptoshymenaeos.ca,$116.34,6,10,1521273102,1544555617
SCN24PR0,Destiny,Schroeder,est.mauris@utpellentesqueeget.co.uk,$85.51,7,7,1520410695,1550376395
HRF78PM4,Finn,Hebert,dignissim.pharetra.Nam@lacinia.net,$37.36,0,5,1520195740,1563738555
XAH30II2,Orla,Joyner,eu.dui.Cum@Quisqueimperdiet.edu,$190.92,6,7,1512264764,1552995797
PJE22GB0,Alyssa,Padilla,augue.eu.tempor@sapienNuncpulvinar.com,$264.89,8,9,1520541592,1547737517
XYU91FN5,Evan,Beasley,rutrum.urna@vulputaterisusa.com,$276.76,0,9,1529885453,1549896385
AGV63AW7,Tana,Branch,risus@etpedeNunc.com,$379.47,8,10,1529323460,1550157573
OXK91CG3,Hiroko,Gillespie,sapien@egestas.co.uk,$266.23,10,5,1518423568,1549764917
IUA62NG4,Stephanie,Cantu,elit.erat@montesnasceturridiculus.edu,$232.84,8,2,1512807950,1548903014
EUQ62CE5,Martin,Hooper,nunc.ac.mattis@egestasurna.edu,$222.80,2,6,1512955948,1541335391
ZXL28HE0,Hunter,Terry,urna@lorem.ca,$170.24,8,2,1515404076,1560806506
QMU89AU5,Teagan,Monroe,Donec.felis.orci@Nullamnisl.co.uk,$14.46,9,3,1533500977,1538675446
MBJ10KA5,Ivor,Malone,odio@aliquetvel.edu,$166.08,1,1,1529786999,1537091731
OMN75RG1,Mallory,Dennis,elit.Curabitur@cursusetmagna.co.uk,$163.58,0,2,1517390293,1545636399
OKQ24GD4,Shoshana,Odom,a.purus.Duis@semvitae.edu,$214.87,0,5,1526661690,1564169034
KAL12QN9,April,Richmond,nec.leo@uterat.com,$22.76,4,3,1527864866,1563724479
IYC70OG4,Diana,Webb,urna.nec@Sedid.org,$11.13,10,6,1509268588,1556088241
XFH42JM3,Dakota,Mendoza,eu@nibh.ca,$342.07,0,3,1531646578,1549148662
VPO79AI4,Portia,Wagner,egestas.lacinia.Sed@condimentumDonec.edu,$151.50,3,6,1535592676,1538520210
QJT47AV1,Kelsie,Carney,lorem.luctus.ut@velconvallis.com,$10.77,2,1,1533215502,1544606868
ADV58IO4,Ori,England,arcu@tellus.edu,$226.53,8,7,1532171755,1563562032
HBK11GE7,Cynthia,Allen,eu.eleifend.nec@sagittisfelisDonec.ca,$37.92,0,5,1507181212,1553240128
COK59WL8,Jacob,Dawson,ut.mi@et.ca,$336.22,8,8,1517292248,1540412324
YPM24ZU4,Carl,Gentry,enim.gravida.sit@ac.co.uk,$48.78,0,2,1530080279,1547118005
QNC89NO5,Owen,Nunez,vitae.erat@mi.ca,$289.05,8,2,1520151369,1545704530
QFS72EN4,Ferdinand,Rice,bibendum@nonquam.ca,$222.43,2,4,1509241564,1537839431
DGX82KH0,Chloe,Wilson,mauris@egestasurna.net,$108.68,5,8,1515231434,1539813945
YWA58QY1,Warren,Kaufman,ullamcorper.viverra.Maecenas@consectetuerrhoncusNullam.net,$256.44,0,3,1505271430,1541185680
LKJ06IH0,Ainsley,Gross,Suspendisse@pellentesquea.net,$389.93,1,2,1523062350,1554734023
XHF11PC7,Devin,Mcleod,et.eros@Nunclaoreetlectus.org,$67.98,0,8,1519411909,1546607590
ZRY73FT7,Kameko,Sims,sodales@parturientmontes.net,$352.57,0,0,1534744512,1539803279
GCR42XC0,Beck,Phelps,augue@auctor.co.uk,$234.61,4,10,1535472622,1555610995
ZKH54RV3,Emery,Daniel,a.arcu.Sed@dolorvitaedolor.edu,$289.04,4,8,1528081493,1563956423
MCR16OB6,Dora,Dean,facilisis.facilisis.magna@lorem.ca,$231.50,6,9,1527948141,1557582839
RJK26OV8,Lareina,Allen,In.mi.pede@pedeNuncsed.edu,$122.12,10,7,1519235959,1541519292
PXQ41SQ6,Lucius,Gomez,id.libero@sapienCrasdolor.co.uk,$38.40,6,8,1526349378,1553871836
LPE88VT7,Amber,Hall,lacinia@diam.ca,$89.53,4,4,1514458556,1544180769
YSU64FC4,Dustin,Mckee,nibh@sapiencursusin.com,$77.62,10,2,1517858600,1551286618
NLB37EP4,Gil,William,neque.pellentesque.massa@Nullatincidunt.org,$33.39,8,5,1507958439,1543905925
BQE94HU3,Salvador,Galloway,accumsan@metusIn.ca,$13.92,9,9,1514127859,1553462210
DTD22EW6,Ferris,Robinson,quis.massa.Mauris@enim.edu,$25.86,9,10,1511450027,1552582543
FKV06UT4,Fredericka,Todd,ac.urna.Ut@Maurisquis.com,$356.48,7,4,1510443997,1562638253
ZHF35DC2,Kai,Johns,Nunc.mauris.elit@Nullamsuscipit.net,$326.09,8,10,1536082318,1553666724
LJD23XZ4,Jacob,Pratt,magna@tristique.org,$332.54,8,8,1522064081,1554383446
RAA54SK7,September,Cooper,sem.Nulla@Cum.org,$78.41,1,2,1529344333,1548645424
VFB52SN2,Anne,Pennington,metus@magna.net,$296.50,6,5,1528305748,1538839235
YTE66BZ4,Clark,Mueller,tincidunt.dui@eutellus.org,$141.67,2,6,1507404463,1564274576
CBB31QO2,Piper,Skinner,augue.scelerisque.mollis@lectusCumsociis.net,$162.13,6,5,1534177295,1538368287
UYW97DH5,Steel,Lindsey,non@mauris.com,$237.08,3,10,1535596979,1567475869
WLA33EB6,Ian,Mcclure,augue.id.ante@fermentum.com,$207.29,4,6,1533404092,1554219832
UPQ08GV2,Rinah,Vaughn,ac@SuspendisseduiFusce.edu,$334.99,2,0,1508677739,1558041131
DCG85SG5,Ori,Casey,cursus.non.egestas@Ut.co.uk,$228.87,10,8,1512682593,1565737920
MAZ71QA1,Barry,Cross,vulputate.nisi.sem@etmagnaPraesent.edu,$62.55,2,5,1524447098,1553329278
PZS87VN9,Michael,Sharp,mauris.sagittis.placerat@nequenon.ca,$248.59,8,6,1536205871,1566143225
SPM64LS8,Dorian,Boone,Vivamus@pede.edu,$25.71,3,0,1516569721,1562124555
OFA04QR8,Jana,Madden,vulputate.risus.a@ullamcorper.ca,$227.58,0,9,1508149107,1557195273
LZH26UV7,Kim,Ayala,natoque@ametorciUt.co.uk,$346.33,1,6,1520693899,1542466191
LHX23YR9,Delilah,Lawrence,nulla.magna@pellentesqueSeddictum.com,$75.79,10,1,1508658621,1561289551
FXR31IL6,Lacy,Rush,sagittis.Duis.gravida@loremvitae.com,$26.25,7,8,1535306679,1564787498
OWI67QC1,Alma,Gross,amet.consectetuer.adipiscing@dictummiac.co.uk,$105.69,2,7,1508043531,1538586938
ZQB92OI9,Allen,Campos,arcu.Sed.et@magna.co.uk,$135.20,3,6,1523433289,1549958648
BUQ06MK1,Fritz,Trujillo,at.augue@elitsedconsequat.com,$260.94,5,10,1513465382,1536493513
TPU95AL7,Savannah,Myers,Sed.dictum.Proin@acmattisornare.net,$69.90,5,2,1515644051,1567655849
IOB23OH9,Quincy,Hall,feugiat@acorciUt.co.uk,$281.50,0,0,1509942966,1542352692
DJR58UA2,Fredericka,Tyler,aptent.taciti@non.edu,$283.11,2,10,1513075076,1566460543
GFK22XD9,Cade,Vaughn,consequat.enim.diam@sollicitudincommodoipsum.org,$23.16,8,0,1520927886,1552793287
SWX31RP7,Keaton,Finch,pulvinar@elitelit.ca,$261.49,1,4,1529104301,1545480232
UZT33AK6,Stacy,Schultz,Suspendisse@erosNamconsequat.edu,$280.01,1,8,1525565126,1539786256
NEV59NL1,Tara,Houston,elit.sed@rutrum.net,$121.61,8,1,1509501639,1561761393
NKD95CQ1,Gabriel,English,Sed.nulla@Sedneque.net,$109.04,3,5,1506248978,1561911477
XTS03XP4,Shana,Roach,sed@Nullatempor.co.uk,$381.73,6,5,1514888331,1567167483
OSF07ZO9,Malachi,Kemp,metus@aliquetodio.edu,$3.98,5,7,1510327478,1541075989
VYH57ER1,Alexander,Pruitt,dictum@ut.net,$239.77,4,5,1530913147,1549034232
BOO35CK0,Hyacinth,Oliver,Donec@risus.net,$380.01,3,7,1509590858,1538992114
BUG45AE5,Beau,Miranda,posuere.cubilia@sagittisfelisDonec.edu,$88.75,9,6,1530469764,1551420464
DHF09PV1,Hamilton,Johnston,Cras@dui.co.uk,$2.09,4,4,1511072976,1557657781
CZI13QD1,Brianna,Singleton,eleifend@nec.edu,$283.41,2,3,1505712847,1553951969
NZR85QZ9,Clare,Torres,odio.semper@Nunc.net,$182.41,4,2,1531369000,1537021585
QUG45WB1,Malik,Carr,urna.Vivamus@ultricesDuis.ca,$338.08,7,8,1531745592,1564126806
ZCT02JG3,Kennedy,Romero,morbi@erat.co.uk,$160.16,0,4,1525918219,1565085051
KRR27QW4,Arden,Thomas,congue.In@Quisqueac.com,$47.27,5,3,1527440473,1559958445
NSU11MG0,Knox,Greene,non@luctuset.net,$179.65,9,4,1520399007,1565422871
ZVK90FQ2,Barry,Delacruz,cursus@vulputate.ca,$152.85,4,6,1526348172,1538846576
QFR31ON2,Stephen,Avila,eu.ligula.Aenean@turpis.org,$30.62,7,9,1534785858,1567266130
ZJR23HH5,Mari,Graham,placerat.Cras@mollisneccursus.edu,$167.42,9,7,1522256857,1560110808
LWL88HM1,Harding,Pruitt,dolor@inmolestie.co.uk,$26.79,8,10,1508191191,1560105963
XMP72CP4,Faith,Bryant,a@consequatdolor.org,$151.41,9,10,1525104559,1566683923
XOJ58OH7,Gillian,Baker,accumsan.sed@consectetuer.com,$71.85,4,7,1518126601,1539277485
MUP63HN9,Clinton,Pratt,porttitor.eros.nec@lobortismauris.net,$171.65,5,5,1534837468,1567746050
XYJ44SJ9,Colt,Webb,Donec@auctorullamcorpernisl.net,$378.04,2,3,1505034143,1544155455
NVH04RJ8,Baxter,Hinton,Sed@Integersem.ca,$213.82,2,8,1511201054,1542108249
PUX88XQ5,Walter,Villarreal,non.lobortis@risus.edu,$61.92,6,8,1517667092,1551220388
MKB91YJ0,Devin,Farmer,ligula.eu.enim@dictumcursusNunc.co.uk,$313.40,10,5,1510370761,1549891062
YIA28AD1,Aurelia,Riley,Sed@aliquam.com,$135.19,3,2,1514213037,1555676047
KUO62BM8,Graiden,Schmidt,Fusce@libero.ca,$63.32,0,2,1510008032,1540885446
BDW60GO7,Lillian,Becker,interdum.libero@egestasAliquamnec.ca,$286.07,3,2,1535309536,1538164143
JVT81IQ0,Ginger,Chase,ullamcorper.magna.Sed@ametconsectetueradipiscing.com,$95.54,2,7,1528696195,1561915975
OWH21MZ9,Raya,Norris,sagittis.placerat.Cras@blandit.net,$324.72,10,2,1511823722,1544553481
JBM42SB3,Maile,Faulkner,nisi.nibh@aodio.org,$45.50,1,9,1529322791,1556733328
XBY87QY6,Blossom,Hall,Nullam.feugiat.placerat@gravidaPraesent.edu,$245.48,2,10,1508330935,1565856942
HYB80TW0,Odessa,Richards,Sed@orciUt.edu,$97.06,7,0,1516687041,1549299026
BLY79LN0,Ainsley,Garcia,ac.fermentum.vel@Maecenasornare.edu,$397.72,9,5,1534245234,1538549262
CLY08YC0,Jin,Cochran,elit.elit@et.net,$153.48,7,0,1507691202,1558659583
WPL03GM2,Shelley,Russo,diam.dictum@tempusnon.com,$67.68,8,9,1516745623,1542531223
UBD65QC8,Jack,Cotton,gravida@malesuadafames.net,$303.95,2,9,1517375384,1550800697
LCS84IX4,Lance,Humphrey,neque@quis.net,$363.44,4,0,1519934218,1548344403
OYN66SM8,Blake,Padilla,Cum@nunc.org,$40.28,9,3,1533268852,1545699822
HXW06SR1,Germaine,Vega,lorem.tristique.aliquet@iaculisenimsit.net,$253.12,7,7,1508233719,1550173351
OOX32HW2,Len,Duke,Mauris@porttitor.co.uk,$341.17,5,10,1519757460,1538750250
LOY50UV0,Shelley,Puckett,congue.In.scelerisque@et.net,$258.34,0,0,1533976105,1562962872
IHO85LH5,Preston,Melendez,elit.Nulla@etrutrum.ca,$355.60,8,4,1514203711,1555125399
IRU14QE6,Dorothy,Franklin,eleifend@Vivamussitamet.co.uk,$305.01,3,1,1517304079,1559944791
RFR63UC3,Halla,Wagner,ipsum.sodales@Phaselluslibero.org,$97.35,0,3,1520186123,1552762047
VJR08KX9,Dennis,Lowe,aliquet.Proin@Donectempus.co.uk,$85.01,10,0,1520482488,1553908863
VEE70HI0,Leilani,Nicholson,at.pretium.aliquet@nec.com,$380.33,3,10,1519376542,1553649196
WFQ34ZB4,MacKensie,Roberts,vitae@vehicularisusNulla.co.uk,$192.95,0,0,1523568768,1541488618
LDR38HE2,Carla,Floyd,dapibus@rutrummagna.ca,$60.29,8,0,1509890049,1538384510
XNH02CQ7,Lane,Lindsay,vulputate.eu@nonluctus.org,$162.80,6,10,1509796728,1557110817
FTM36GB5,Zane,Dawson,imperdiet.erat@variusNam.net,$222.41,8,10,1525748949,1555463304
KZE73AK4,Otto,Morris,neque@justo.com,$251.58,8,4,1510920340,1547964459
REY87JC8,Jakeem,Morrison,ipsum@commodo.co.uk,$209.91,4,8,1525961612,1543900366
AGX84HS4,Ainsley,Harper,dapibus.ligula.Aliquam@pedesagittisaugue.org,$351.01,8,3,1521258876,1567383910
KFT00DG8,Aidan,Slater,metus.Vivamus@Phasellus.com,$310.66,3,7,1531543200,1549578400
BBR81PQ5,Ginger,Fitzpatrick,nisi@rutrumFuscedolor.org,$83.41,8,10,1527636810,1551559724
KAP35JI3,Kuame,Harris,a@posuereenimnisl.ca,$262.69,4,7,1518512923,1543923967
HSZ94GH4,Camille,Payne,sit.amet@ipsum.co.uk,$222.41,5,8,1523536656,1540095366
EBF92JM9,Nolan,Horton,augue.id.ante@hendreritidante.net,$380.76,1,2,1534847402,1541298781
RQD64UR2,Michael,Booker,magna.Suspendisse.tristique@rutrumFuscedolor.com,$133.23,7,0,1515836961,1557992355
MAC50KO2,Howard,Casey,odio@fringillaDonec.org,$323.17,5,2,1504963920,1549396205
DPA20XJ3,Yasir,Mccormick,Sed.neque.Sed@luctusetultrices.co.uk,$65.56,0,5,1524818924,1555552719
RZD82BG1,Cullen,Craig,nulla@Fuscealiquam.co.uk,$4.35,1,7,1512727942,1540966937
QFB37NZ6,Randall,Brock,a@nullaCraseu.com,$393.34,8,6,1535146433,1538211015
ERY97QW3,Hedda,Valdez,Vivamus.nisi@odioPhasellus.co.uk,$160.02,3,9,1510137586,1548925333
DMA60KO5,Kirk,Knapp,magna.Duis@nulla.net,$161.39,6,1,1510573956,1540638179
XWJ98NP9,Selma,Lopez,facilisis.eget@faucibusid.net,$139.53,4,9,1511198893,1539680371
ZSN16VK4,Adele,Dixon,amet@imperdiet.edu,$259.80,4,0,1519978864,1549422904
NQM48TA3,Xandra,Sweet,consectetuer.ipsum.nunc@disparturientmontes.ca,$281.30,6,4,1522501532,1540700867
IZT15JT8,Maris,Bray,diam.eu.dolor@amet.edu,$171.77,6,1,1526668131,1537213155
SJS55AV4,Quentin,Mckee,metus.Aenean@Pellentesquetincidunt.co.uk,$127.43,5,7,1517388764,1541155975
RZJ72BR5,Tallulah,Griffith,ultrices@enim.org,$382.94,3,4,1529093553,1555001317
QKT28IB8,Quin,Riggs,et.eros@consequat.edu,$202.36,5,10,1511645317,1549400203
SGQ07CO9,Serina,Watson,Donec@pellentesqueeget.net,$370.70,8,9,1506964933,1559193624
NAN65TK1,Dale,Sullivan,nisl@vel.ca,$372.01,10,4,1519028876,1554380625
NMV51KL3,Mercedes,Dennis,Nulla.tempor@ullamcorper.org,$281.99,3,6,1510463620,1541947751
KRF19FD3,Isadora,Nolan,mattis.velit.justo@ac.ca,$149.68,0,4,1505579100,1562014024
WMK71TU1,Stephanie,Daniel,dui.augue@fringillapurus.com,$335.70,3,0,1525574289,1547786930
LYH00PL4,Brandon,Montoya,ut.cursus@milorem.org,$348.71,6,4,1523344427,1555875965
UFA89VP4,Prescott,Cochran,suscipit.nonummy.Fusce@Mauris.org,$147.95,4,9,1533091032,1554876053
ETD09LD4,Lesley,Reeves,sodales.purus.in@congue.edu,$264.09,7,6,1511384990,1562375177
CKS29WJ0,Martin,Hardin,in.tempus@Nuncpulvinar.edu,$120.70,6,2,1515525728,1541517829
WIC43NM3,Amos,Dawson,id.nunc.interdum@ridiculusmusDonec.co.uk,$263.04,1,7,1530890200,1564625102
MHU93ZP6,Sopoline,Patton,Aliquam.rutrum@parturientmontes.ca,$233.67,6,1,1510384327,1550890510
RHC80OT7,Zeus,Gilbert,dictum@nuncacmattis.org,$183.18,6,6,1505903172,1564093281
VAD79DY7,Arthur,Valdez,mauris@fringillami.ca,$113.68,9,5,1535778030,1565729340
DJD82RU8,Ryan,Mullen,tincidunt@adipiscingnon.org,$42.42,4,4,1535181260,1543306352
MUB27VY0,Idona,Dillard,tellus.non.magna@Nullam.com,$69.14,5,1,1509373686,1544017630
NXJ28UO7,Hedda,Bullock,tempor.diam.dictum@Nullamut.ca,$252.61,1,9,1520522618,1544180942
KSI52WZ3,Gray,Guthrie,Ut.semper.pretium@Aeneanmassa.org,$368.23,0,4,1515757119,1542386615
HKZ52GK7,Hedy,Odonnell,lacus@liberoest.ca,$206.85,9,2,1516005723,1559130806
ZIG14EN2,Hadley,Keller,magna.Ut@nullaIntegervulputate.edu,$19.90,2,2,1523757821,1559330346
UOA18CL4,Malachi,Turner,mi.Aliquam.gravida@Fuscealiquam.org,$229.13,1,3,1518971577,1564336733
QBP00TJ9,Clark,Workman,molestie@tempusrisusDonec.edu,$208.91,2,1,1534811317,1557264072
RGE34ES7,Lee,Fischer,nisi@Vivamussitamet.edu,$229.63,6,9,1510048010,1559666604
OMD23QN4,Wynne,Sexton,vel@Quisqueimperdiet.net,$210.85,1,3,1528554587,1542332966
TCZ78XG4,Hyatt,Nieves,adipiscing@odioNam.co.uk,$113.33,0,4,1514212263,1541900570
ZHL15GE0,Lee,Yates,eleifend@lobortis.co.uk,$138.48,5,5,1529031407,1562058877
UJQ20HZ0,Dexter,Brooks,odio.semper@velitSedmalesuada.edu,$393.96,10,10,1507887652,1557766451
XTR56IV4,Hyacinth,Oneill,Aliquam.auctor.velit@tempordiamdictum.ca,$110.63,9,10,1515991547,1552702781
URH50ZA5,Regan,Golden,dolor.quam.elementum@natoque.ca,$49.50,0,0,1528363742,1537919423
LDL90EV5,Rylee,Malone,orci.luctus@dictumcursusNunc.com,$80.67,6,7,1532949452,1563280315
QRL80XS5,Lawrence,Robertson,venenatis@malesuada.ca,$243.51,4,2,1512992245,1540514421
FOK65MY4,Finn,Petty,porttitor@Crasvehiculaaliquet.net,$94.41,2,2,1522138249,1554507631
DDZ42YJ3,Edward,Madden,ullamcorper.velit@eros.co.uk,$318.32,8,10,1533233950,1545638920
DUL07VA4,Forrest,Rivers,vitae@accumsansed.com,$93.89,1,0,1513987267,1549221947
HQH79YW5,Veronica,Hale,Phasellus@iaculis.ca,$254.90,0,6,1531079157,1555908916
RSM95TS9,Camille,Doyle,metus.eu@massaVestibulumaccumsan.ca,$100.48,9,4,1515703217,1536687719
BWL06KT2,Howard,Daniel,Nulla.dignissim.Maecenas@necmalesuadaut.edu,$154.74,10,1,1524074021,1537818346
CIK58VE5,Uma,Burke,magna.et.ipsum@nibhdolor.com,$314.26,4,7,1536113640,1547113749
VTS76UM3,Sybil,Juarez,elementum.purus.accumsan@tellusPhasellus.org,$320.77,9,3,1508001593,1565866302
SLK15PP0,Yetta,Mueller,rutrum@duiquisaccumsan.com,$125.00,9,8,1517384741,1559233326
KQT86OR4,Celeste,Swanson,consectetuer.cursus@atrisusNunc.co.uk,$328.45,8,10,1522413148,1548524442
QAN33ZN5,Ivan,Rodriquez,tellus.Nunc.lectus@parturientmontesnascetur.edu,$255.47,4,8,1508936788,1542475437
VRI42OJ2,Sarah,Blevins,nisl.arcu@etnetus.ca,$184.73,4,6,1511401068,1552539442
UPZ33KN6,Miranda,Clayton,inceptos@ligulatortor.co.uk,$4.82,6,10,1528853874,1555127798
WJQ39JB3,Marah,Dotson,Aenean.euismod@famesacturpis.edu,$90.23,2,1,1518718467,1563273817
XEC69YX6,Driscoll,Walters,metus@Aeneanegestas.co.uk,$238.62,6,7,1522932802,1560800117
OUX18VU3,Price,Mays,velit.justo.nec@Nunclaoreet.net,$237.99,4,5,1527674091,1541054996
ZGV41IE3,Dolan,Bishop,malesuada.fames@DonecegestasDuis.ca,$124.10,9,4,1512247042,1549885856
LVD13XC4,Olga,Weber,lectus@eget.net,$86.84,8,4,1521876846,1546213119
YXI60WV1,Stuart,Pate,ante@auctor.co.uk,$377.90,2,4,1531518448,1560345942
XYM99WV2,Lyle,Baird,Aliquam@hendreritconsectetuer.com,$323.23,0,7,1513782770,1564798006
UJQ38QJ7,Wylie,Whitehead,faucibus.ut@velquam.net,$202.45,5,5,1524090410,1540222365
BND01AI6,Burke,Figueroa,faucibus@mus.org,$15.34,8,10,1519046709,1564852559
MSF03GR6,Pamela,Huber,Morbi.non.sapien@tellus.edu,$353.32,7,10,1531903813,1548658556
KGA88QF3,Fay,Edwards,vel.sapien.imperdiet@sed.co.uk,$203.30,10,3,1529898430,1553426315
PAV05AY4,Abraham,Mitchell,et.lacinia.vitae@loremtristique.co.uk,$253.77,10,1,1533873954,1560129880
QYN19VF6,Nora,Leach,accumsan.laoreet@semmollis.org,$293.44,0,10,1506317035,1563362076
EOT41WP9,Devin,Reeves,nulla.at@consectetuereuismodest.ca,$39.79,9,8,1517765381,1547259310
QGR26CS6,Hedwig,Dalton,vulputate.mauris@purusDuis.org,$3.58,10,3,1523145922,1554782731
LAU11VL0,Nash,Sherman,lobortis.quam@ametdiam.co.uk,$194.23,1,10,1506940377,1560567852
YTM28QF9,Zane,Little,pharetra.ut@netuset.com,$137.42,1,9,1526546715,1551380468
PER03TR6,Omar,Baird,nascetur.ridiculus@nequepellentesquemassa.co.uk,$134.28,4,1,1508667314,1536255219
JOK50VE2,Stone,Williamson,penatibus.et@ametultriciessem.com,$53.56,3,1,1530658748,1546543355
DWB52IJ3,Uriah,Davidson,tellus.Nunc.lectus@nuncacmattis.ca,$325.33,9,2,1515301612,1555849840
YCA34AS8,Kylan,Sears,purus.accumsan@Donec.edu,$349.39,2,3,1534867606,1538820917
JAT05SH3,Declan,Allison,enim.nec@Vestibulum.edu,$356.63,6,4,1521965686,1552041547
JIW30RJ5,Kirby,Sellers,conubia.nostra@eudoloregestas.net,$186.90,10,10,1512637053,1566768163
FFO10RI5,Wanda,Copeland,Nulla.eu@nonlobortis.co.uk,$267.81,6,8,1510945745,1540621934
JCB29SW6,Clark,Lawson,magna.sed@eratneque.edu,$302.22,4,2,1515818579,1553789393
AMH70XJ8,Karyn,Pickett,lobortis.quis@et.com,$234.90,6,1,1534456884,1551235453
BIS72UJ7,Ashton,Salas,urna.et.arcu@est.net,$274.72,6,3,1508580725,1541638776
KKS69EM1,Gregory,Gallegos,mus@vehicula.org,$362.91,9,8,1509195506,1542695118
ZMK85PX1,Nicole,Ferrell,Quisque@sitamet.com,$203.23,7,5,1523752122,1541046449
MAT81NY2,Porter,Carlson,Sed@semelit.org,$44.45,8,7,1526856789,1546014779
GJM26OO7,Daryl,Hutchinson,Vivamus.non@odiotristique.co.uk,$199.82,7,8,1533011756,1560774047
XHT60MY6,Porter,Bernard,adipiscing@justofaucibuslectus.net,$312.33,5,6,1533127854,1540659062
ESC03KC9,Drew,Nichols,adipiscing.Mauris.molestie@quispedeSuspendisse.ca,$152.57,0,10,1513250967,1549776157
QAJ86DV1,Dacey,Bates,Cum@libero.com,$320.62,6,8,1516644972,1545505377
BYC22HH2,Colton,Luna,ultrices.mauris@eleifend.co.uk,$370.47,6,10,1516167666,1560827221
XAD60GI7,Paloma,Donaldson,Nunc.mauris@ipsumnuncid.co.uk,$284.92,1,7,1534270330,1561447495
BOQ14GY4,Uta,Compton,sit@ipsumdolor.ca,$361.63,9,2,1513694337,1540893925
MCP89NJ9,Candice,Brady,eget.dictum@ornare.co.uk,$263.76,10,2,1506408042,1547073030
CDS28YO4,Paula,Gaines,dictum.eleifend.nunc@diam.net,$393.77,5,1,1527274854,1537759449
KHS21CN3,Lane,Mclaughlin,sed.turpis@tristiquepellentesque.com,$179.33,1,3,1524664916,1565729315
LYE93NR6,Camilla,Gill,Morbi@blanditviverra.org,$90.63,1,3,1506077774,1564063673
KHE91QC7,Isaac,Sanders,non.lobortis.quis@Fusce.co.uk,$76.86,7,6,1514792492,1556120561
ASK94CV3,Blaze,Harrison,libero@diamatpretium.edu,$60.06,7,9,1534053947,1541406297
ZPQ32KF3,Maris,Watson,odio@augue.ca,$224.38,7,6,1508600443,1537254377
JUA14HW0,Kuame,Holden,Sed.nunc@neceleifend.org,$353.04,8,5,1510167541,1561460653
WTR04LC5,Griffith,Medina,Donec.elementum@convallisante.net,$52.41,5,5,1534199062,1552497707
NQC56GB7,Victoria,Pena,ultrices.Duis@Curabitur.edu,$54.81,5,1,1512397842,1548483204
KEY20JD9,Christen,Dixon,nisi.Aenean@malesuadaaugue.edu,$2.37,3,9,1504925913,1553344621
TVW94KB1,Mary,Avila,Vestibulum.ante.ipsum@ante.com,$241.65,2,3,1525345542,1542605614
ZDZ72VZ8,Chastity,Winters,Proin.non.massa@orciPhasellusdapibus.com,$88.85,7,6,1534405471,1537419151
OKK53YW0,Halee,Garrett,urna.nec.luctus@ultrices.net,$2.27,3,0,1518762076,1537177204
IYE71IZ1,Arthur,Gutierrez,cursus.diam.at@quisarcuvel.com,$10.11,9,5,1516783300,1547005286
DWV25PG1,Jelani,Pickett,diam.Duis@ornareFusce.net,$108.43,1,1,1507415332,1562945744
SZV14EB4,Ursula,Reed,ut@ac.co.uk,$39.00,6,1,1532357041,1563063797
JNY57EO9,Lucy,Bernard,aliquam.arcu@ametdapibusid.co.uk,$58.01,1,3,1509168821,1537328281
AHO60DO7,Leilani,Clay,orci@felisullamcorper.co.uk,$334.32,9,6,1527218687,1561309930
CMB41GI4,Jerome,Nielsen,Curabitur@vellectusCum.co.uk,$205.43,0,8,1523979401,1551601253
IVN95MD5,Nyssa,Henson,nec.leo.Morbi@euenim.net,$311.95,5,0,1523253137,1566736646
USW35HT6,Hammett,Graham,justo.nec@tinciduntcongue.co.uk,$250.18,6,1,1523361990,1547142269
GTJ34QF7,Adena,Leonard,nec.metus@volutpatNullafacilisis.edu,$158.71,2,1,1515091068,1546077836
FRS66MJ0,August,Mueller,purus.in.molestie@ut.edu,$351.61,10,10,1533040899,1557612683
LNU85WZ8,Barrett,Watkins,ipsum.dolor.sit@a.co.uk,$152.63,9,5,1512199004,1544576698
PZX31GC5,Lara,Lindsay,sed@vestibulumlorem.org,$171.87,9,4,1528524618,1537096656
UVJ74NW3,Fritz,David,et.rutrum@blanditviverra.com,$361.49,5,0,1507158934,1546830420
XCB58IB0,Nash,Callahan,convallis.est@amalesuada.org,$358.14,4,8,1524482969,1542230668
HAQ32UR1,Quamar,Hayes,conubia.nostra.per@sitametluctus.ca,$348.28,10,8,1504749913,1563985123
EHL47BD9,Elvis,Warner,eget.ipsum.Donec@atlacus.edu,$157.17,3,7,1509684166,1556306811
INJ20AI0,Kaseem,Cleveland,nisl@laoreet.com,$128.03,2,2,1534890775,1553325293
GKY38VA1,Merrill,Hunt,egestas.nunc@vitaenibh.com,$306.76,6,7,1517215951,1546256760
ZTZ66ZN9,Alexis,Shelton,ornare@euismodac.org,$109.00,2,3,1520587185,1551415177
EWN70EU0,Haviva,Scott,viverra.Maecenas@Proineget.co.uk,$12.09,1,0,1513965648,1556079662
RUK12WR2,Sylvia,Smith,consequat.nec.mollis@nullavulputate.co.uk,$200.36,8,5,1517179014,1560326587
NNZ45LR5,Robert,Huber,velit@vulputateeuodio.org,$315.32,10,0,1509866670,1537497933
VVV29IC9,Asher,Gray,Aenean@consectetueradipiscing.ca,$182.17,3,1,1526676983,1540154443
ZNV49HH6,Maile,Hull,Duis@consectetuer.org,$193.70,4,10,1531943866,1554669881
FMB64WZ5,Bo,Emerson,ut@Duis.net,$328.29,6,10,1530751283,1538806820
NEX94NW7,Eric,Eaton,dui.semper.et@lorem.org,$300.35,0,9,1528431386,1546411469
SVD14DG1,Lee,Gross,mollis@Fuscealiquamenim.net,$237.48,10,5,1522060677,1543229522
UDS30NA4,Arthur,Wilkerson,lectus.ante.dictum@purus.ca,$232.67,10,10,1510415886,1558661575
HJG70TQ2,Keane,Maxwell,ac@Suspendisse.net,$19.76,6,7,1514465683,1552977369
AEI66UH1,Alexa,Rocha,est@facilisisvitaeorci.ca,$310.00,5,1,1525235415,1541338907
VPS99YR5,Orla,Simmons,venenatis.lacus.Etiam@egestasDuis.ca,$203.11,5,9,1507054373,1539615175
NUF38DG8,Akeem,Leon,lorem.eget.mollis@ullamcorpervelitin.edu,$113.46,7,3,1514067514,1552948859
KWW95YM2,Gil,Irwin,ac.arcu.Nunc@pedenecante.edu,$254.33,0,6,1506325543,1550696986
WXB85TK1,Colton,Stout,lorem.Donec@idliberoDonec.ca,$172.13,7,6,1509434182,1561750164
RGP00XK3,Bell,Barnett,Donec@maurisipsumporta.edu,$47.44,6,4,1530735996,1556476143
XCL68XF8,Debra,Schroeder,quam@euodiotristique.net,$398.34,9,9,1519303770,1553705602
MBW25GU1,Beau,Gilbert,est.congue.a@mollisPhasellus.co.uk,$344.69,5,10,1527226528,1562892427
GUJ99DL5,Lilah,Maldonado,auctor@auctorullamcorper.co.uk,$279.47,9,6,1526645717,1546101602
QSO59VY7,Mariam,Buck,egestas.blandit@ac.org,$377.27,9,0,1522909079,1565997387
MZA83HI9,Wing,Bishop,dui.augue.eu@afacilisis.com,$341.26,4,2,1532655547,1567507189
TPN71PM2,Tasha,Dorsey,metus@arcuet.co.uk,$248.78,4,10,1504597062,1555066685
TGX46MJ9,Mariam,Bruce,Nulla@variusorciin.co.uk,$330.08,5,1,1508044507,1564404742
LCM05XJ7,Adam,Carroll,turpis.In.condimentum@tellusimperdiet.edu,$131.44,9,0,1529699283,1557939609
ZGT64NO1,Marny,House,ridiculus@magnamalesuada.ca,$347.58,0,2,1507258998,1549470306
ENY72HO2,Elaine,Garner,nonummy.Fusce@laciniaat.co.uk,$291.87,3,4,1529726554,1556590512
NFR52ZQ2,Sade,Stewart,Donec.nibh@euerosNam.net,$90.55,8,1,1509675725,1554296539
HQJ85WQ5,Carlos,Downs,felis.Donec.tempor@eratneque.co.uk,$375.91,0,1,1532736479,1563375576
KEM35EM4,Bertha,Camacho,nulla@egestasrhoncusProin.com,$9.13,6,2,1511243074,1545367015
VDD98ZX8,Reagan,Stephens,ac@Aliquamultrices.co.uk,$307.33,6,1,1533500309,1554707779
RCB06JI7,Calvin,Hampton,Lorem.ipsum.dolor@erat.org,$54.32,2,3,1505741576,1555867366
YZN19HJ7,Mari,Winters,non.magna.Nam@dolor.net,$343.29,8,10,1513558604,1536250337
WUW97XI3,Mechelle,Patel,nonummy.ultricies.ornare@vestibulumneceuismod.net,$380.23,9,5,1520481496,1545298939
IAO88CE4,Cruz,Gutierrez,est.arcu.ac@accumsannequeet.net,$313.88,10,2,1531249963,1536972046
NGI14XI2,Jessamine,Andrews,tellus@nonbibendum.edu,$369.12,10,10,1524568603,1546266732
WUQ61KW3,Calvin,Hatfield,sollicitudin.commodo@aliquamiaculislacus.org,$305.33,7,7,1535431946,1547755209
RJA69JZ5,Bruce,Shaffer,libero@Suspendisse.org,$314.42,7,1,1520664377,1543911116
TJD24GL0,Amena,Thomas,vel.arcu@eros.org,$76.48,0,2,1534416470,1547996459
NYU99LU8,Drew,Sexton,lorem.Donec@vitae.org,$198.30,9,7,1516745612,1548883647
OZU14RM9,Mark,Raymond,sem@Intinciduntcongue.org,$362.70,8,5,1512052315,1542082914
WMI10ZO0,Chiquita,Holmes,sit@Morbi.org,$196.80,1,9,1527948487,1537206981
WGF06ET1,Driscoll,Manning,sagittis.augue@Integervitaenibh.co.uk,$384.65,4,2,1507909076,1559631756
PGQ41YM4,Bethany,Castillo,egestas.nunc@euismod.net,$62.84,4,1,1520025355,1546264730
GSS09PK9,Isaac,Stark,Nam@etmalesuadafames.org,$131.19,1,8,1513661369,1557884058
VRZ24LS3,Jason,Hodge,nibh.Phasellus.nulla@semut.ca,$62.18,7,6,1535701524,1557353662
EJQ16ZD4,Jermaine,Gill,odio.a.purus@bibendumfermentum.com,$127.36,4,9,1513982887,1546624967
RKR87SO8,Clayton,Gardner,egestas@lobortisrisusIn.org,$393.75,3,1,1532972653,1553188324
EMX24JN1,Micah,Sparks,lobortis.augue@at.edu,$395.55,5,3,1531538526,1551691315
WJB88TZ6,Kane,York,feugiat.tellus.lorem@congueelit.org,$105.29,10,8,1527144298,1549743820
TUZ56NL5,Hasad,Bolton,velit.justo.nec@loremtristique.ca,$90.90,9,6,1528311693,1539702082
EEN18ZS2,Dante,Bates,Curabitur@vitae.com,$252.86,4,9,1523317655,1541264863
MCJ01VW2,Amena,Hancock,euismod@eget.ca,$162.78,1,7,1504744313,1543666522
CCY06DE8,Simon,Green,dolor.sit@lacusCrasinterdum.org,$282.44,3,0,1525156768,1545908058
TIN18EB2,Chantale,White,a.aliquet.vel@adipiscingelitCurabitur.edu,$261.34,3,4,1511128131,1561416896
LTJ96ES0,Colt,Collier,libero@eu.ca,$335.39,9,6,1519179437,1544739934
AQI59ZC5,Damon,Richardson,vel.convallis@intempuseu.com,$284.10,7,4,1504789404,1549274992
GQI50DI3,Teegan,Chandler,mattis.Cras@Fuscefermentum.edu,$291.37,8,9,1521096500,1554658952
WWY13WU9,Rhonda,Gonzales,luctus.et.ultrices@eget.co.uk,$314.52,1,7,1534659876,1544163293
RXF64ZY3,Ishmael,Glass,odio.Nam@sagittis.org,$305.21,0,7,1520257200,1565756938
JGT52SI2,Orla,Schmidt,sagittis.felis@rhoncusidmollis.com,$361.33,1,4,1531759497,1548758891
EMT94PF0,Omar,Sims,Sed@vel.net,$240.58,0,1,1516340329,1547325251
BIS39RR9,Amanda,Crawford,interdum.enim.non@velitPellentesqueultricies.com,$334.68,10,2,1517209472,1544224595
ZJO39BF7,Shay,Hancock,sapien@risusatfringilla.org,$206.40,0,6,1533510378,1564099466
EMZ37FI0,Dylan,Kelly,non.dui.nec@imperdietdictummagna.org,$370.56,8,0,1528072714,1542951527
DZA58HR4,Eagan,Mccullough,sit.amet@euismodac.com,$154.65,7,5,1516416823,1560201480
HIT54KM7,Victor,Reynolds,feugiat.non.lobortis@Maecenas.net,$392.15,7,0,1520451627,1560893600
HTR13HJ0,Adele,Frederick,odio.vel@neque.ca,$7.90,4,5,1523350758,1562759716
ZWT78SC4,Diana,Patrick,tincidunt.neque@aaliquetvel.co.uk,$196.33,5,6,1505830520,1566309205
XJG46GC7,Wanda,Chambers,neque.Nullam.nisl@fermentum.org,$292.12,7,8,1532752351,1553542855
REZ94PN8,Fallon,Camacho,massa.Vestibulum@volutpatNulla.ca,$77.38,6,4,1535043693,1565158671
SAT38OX0,Melissa,George,Nam@aliquetmagna.net,$82.31,3,5,1520249844,1561183602
WIQ06IX3,Miranda,Melton,varius@enimEtiamgravida.edu,$226.49,2,1,1527124064,1560007986
CLT46IN2,Cullen,Marquez,vitae.aliquet@euaugueporttitor.edu,$133.86,9,7,1525437169,1560732922